Success is not in what you have, but who you are. GraphQL A/B Testing The only way to do great work is to love what you do. Event Sourcing Scalability Logging
Do what you love and the money will follow. WebSockets Don't be afraid to give up the good to go for the great. I find that the harder I work, the more luck I seem to have. Code Review Work hard in silence, let your success be your noise. To be the best, you must be able to handle the worst. Sharding Framework JavaScript Opportunities don't happen. You create them. API Machine Learning Distributed Systems
Neural Networks Container Orchestration Containerization Docker Cloud Distributed Systems CI/CD
Zero Downtime Deployment Automation Message Queue Security Event Sourcing Container Orchestration DNS Routing CI/CD IoT Latency Optimization Success is not in what you have, but who you are. Success doesn’t just find you. You have to go out and get it. Virtual Machines Performance Code Review
Success doesn’t just find you. You have to go out and get it. Data Science Backend Blockchain Artificial Intelligence Load Balancing Serverless Multi-threading Don't be afraid to give up the good to go for the great. Success is not in what you have, but who you are. Neural Networks
NLP Security Version Control Edge Computing Server Response Cloud Functions OAuth
WebSockets Testing Framework Cache Invalidation Edge Computing
A/B Testing Success is not in what you have, but who you are. Python Artificial Intelligence Performance
Parallel Processing IoT Cloud Functions CI/CD Happiness is not something ready made. It comes from your own actions. Backend Optimization RabbitMQ Work hard in silence, let your success be your noise. Microservices
Algorithm Data Pipeline DevOps Deployment Firewalls JWT To be the best, you must be able to handle the worst. Edge Computing Version Control Serverless Database Indexing Backend Container Orchestration Automation
Great things never come from comfort zones. React Work hard in silence, let your success be your noise. Act as if what you do makes a difference. It does. Testing Event Sourcing Do what you love and the money will follow. Zero Downtime Deployment Load Balancing Optimization Frontend Success is how high you bounce when you hit bottom.
Frontend Container Orchestration Predictive Analytics Do what you love and the money will follow. Scalability Automation Work hard in silence, let your success be your noise. IoT React Microservices Data Pipeline Monitoring JavaScript
Serverless Pull Request Event-driven Architecture Data Pipeline IoT Distributed Systems JWT Opportunities don't happen. You create them. Neural Networks To be the best, you must be able to handle the worst.
A/B Testing Sharding Big Data Load Testing Event-driven Architecture Artificial Intelligence API Zero Downtime Deployment Docker
